Actual,Predicted,Probability
0,0,6.856468486076935e-05
0,0,0.00793453123946583
0,0,0.0003579063668860862
0,0,0.00014784603951952408
0,0,5.5488023509997856e-06
0,0,0.00019591905024924597
0,0,7.86943337863349e-06
0,0,4.791184868779429e-05
0,0,1.254149983007796e-05
0,0,0.001126702188805839
0,0,0.0004486965747652179
0,0,0.00770641234068288
0,0,5.592539263708086e-05
0,0,0.0006304370926502006
0,0,1.3370832261926662e-05
0,0,0.002000280653851903
0,0,2.4035091631514595e-06
0,0,2.847480081086577e-05
0,0,0.0010779149928729335
0,0,0.0009286872570780834
0,0,0.00012398021247800282
1,1,0.999999997032869
0,0,5.713296374529001e-05
0,0,7.279090400574875e-07
0,0,0.00030958466678901545
0,0,0.00304021893713976
1,1,0.9999999999997227
0,0,0.00024433720662147434
0,0,0.0002952994868218443
0,0,6.9533067080761315e-06
1,1,0.9999999996963269
0,0,6.061797325668307e-05
0,0,1.9656104155446874e-05
1,1,0.9910690712404985
0,0,0.00018253038633031423
0,0,0.0038338575008436144
0,0,2.398375690016759e-06
0,0,1.0739737358945745e-06
0,0,0.0002545173643372485
0,0,5.630176136593419e-06
0,0,0.0002544106632333715
0,0,0.0028149358519630433
0,0,0.0012905511005190842
0,0,6.938406158216962e-05
0,0,0.000428462382849581
0,0,2.595217841911277e-06
0,0,0.002103243895744568
1,1,0.9999998401149017
0,0,0.00013678394966710648
0,0,2.704183640862394e-05
0,0,0.000901437549243137
0,0,0.0007299452155171486
0,0,4.2134860047568214e-06
0,0,1.7740050847988e-05
0,0,0.00043524624624418273
0,0,2.0352154289671855e-06
0,0,1.8475224228300852e-06
0,0,0.007469214358141538
0,0,1.8628113865624102e-06
0,0,0.015694467876435043
0,0,0.004597408657196974
0,0,2.5960426658937585e-06
0,0,0.0009503267874159917
0,0,4.5128367708079364e-05
1,1,0.999931958651909
0,0,3.1283996748813618e-06
0,0,0.004057799658215525
0,0,0.0077506909967036
0,0,0.0006573776303177637
0,0,4.6398838470491506e-06
0,0,0.004753266251749302
0,0,2.649650638918957e-06
1,1,0.9999999995327009
0,0,0.00031492571649347466
0,0,1.0722933932956382e-05
0,0,0.004167097389895178
0,0,0.0070707486790792026
1,1,0.9999974809542076
1,1,0.9999998790051365
1,1,0.99999999980523
0,0,3.455946821979385e-05
0,0,8.357998156779119e-07
0,0,0.012311346026849957
1,1,0.9999986211079059
0,0,0.00039065440272725843
0,0,0.000305056877277589
1,1,0.9999999999967331
0,0,0.00019069090831856878
0,0,5.863492086775293e-06
0,0,2.5190613664896508e-05
0,0,0.033753304230923785
0,0,0.0006544319855478338
0,0,0.0005800341715584492
0,0,0.0002557853436983271
0,0,3.7573451491018402e-06
0,0,0.0001928814308797876
0,0,5.786433297086028e-05
0,0,1.2624227956432635e-05
0,0,2.542921581388602e-05
1,1,0.9996865323808178
0,0,1.467995272206128e-06
0,0,0.00018412953758256177
0,0,5.3065893431562845e-06
0,0,0.00020522280647202452
1,1,0.9857614657169245
0,0,0.0044305150708648525
1,1,0.9882857421111643
0,0,0.0072862018780052015
1,1,0.9980770001344281
0,0,0.0016050724499002912
0,0,0.0005256646082657055
1,1,0.9999999999786335
0,0,0.0010040708375256015
0,0,2.772229117688316e-05
0,0,5.265510151428061e-05
0,0,4.697809478912599e-06
0,0,0.00026103768520865846
1,1,0.9999999999995508
0,0,0.057840644611461114
0,0,2.8920167192981825e-06
1,1,0.9994026919223762
0,0,7.495206229431675e-06
0,0,0.0003650423576769523
0,0,0.00010603615404974782
1,1,0.999094517435038
0,0,0.00039815552721551156
0,0,0.0011119856146499403
0,0,0.003880576545285313
0,0,2.5768661556409447e-05
0,0,0.00023501852417617038
0,0,1.1245380789319696e-05
1,1,0.9999999957235559
0,0,0.010220177027830044
0,0,2.7402901110605824e-06
0,0,0.0007022318405173163
0,0,0.0053471814330367795
0,0,1.1064402704539856e-05
0,0,4.5437280260270915e-05
0,0,0.003342150947369244
0,0,0.002546942528793417
0,0,2.7370036222312805e-05
0,0,0.0007811509745980312
0,0,9.438643343486199e-05
1,1,0.9875229919059557
0,0,0.00040092127973585947
0,0,0.00025835913191828743
0,0,9.46731143691856e-05
0,0,0.011201403795075898
0,0,0.004997767100344662
1,1,0.9999999869381855
0,0,0.0017859762846961994
0,0,0.0002419922546763051
0,0,0.0035051122256519497
1,1,0.9999999837109133
0,0,4.918628749262178e-07
0,0,6.820675601984081e-06
0,0,9.273242383374027e-05
0,0,0.009263175912313558
0,0,1.3360501065550065e-05
0,0,0.0007530278244346136
0,0,0.008646249018277263
0,0,0.008076119088076254
0,0,0.002260168287674215
0,0,9.48733403064897e-05
0,0,6.466236342367021e-05
0,0,0.0005746669163213617
0,0,0.014817315391112845
0,0,4.57038447401737e-05
1,1,0.9999267916352289
0,0,0.00020423036389017135
0,0,4.073721258059633e-06
0,0,2.893496186871757e-05
0,0,8.105064566144097e-06
0,0,0.0003756970626627989
1,1,0.9999999998823714
1,1,0.9999975740414271
0,0,0.0025780318255949103
1,1,0.9999999976653762
0,0,0.0004533436705102253
1,1,0.9999999503890455
0,0,1.6910994089969887e-06
0,0,5.082970819688057e-05
1,1,0.9999999997896041
1,1,0.9999998526145224
0,0,0.009720486185455379
0,0,2.229923467808272e-05
1,1,0.688249433182541
0,0,1.999356442833381e-05
0,0,0.000319380781996186
0,0,3.4860882822770793e-06
0,0,1.5804496967939606e-05
0,0,5.429034161726737e-06
0,0,2.677463570464643e-06
0,0,5.711288926188812e-05
0,0,0.00033353100317265
0,0,0.01296737864566433
0,0,0.00035308982555052644
0,0,0.0018509397346118841
0,0,0.0004544807775126953
0,0,0.00492633238788479
0,0,1.8524547156751717e-06
0,0,0.001970971884362296
0,0,0.0018216515550426135
1,1,0.9999999988482009
0,0,0.000538035990546152
0,0,2.4972727992743014e-06
0,0,5.3365079373414215e-05
0,0,5.943384390599685e-06
0,0,3.1821620520620624e-05
0,0,0.001002957258120255
1,1,0.9999800295296151
1,1,0.9999999909173595
0,0,9.49856917627355e-06
0,0,9.081331871284378e-05
0,0,0.0004023260783409509
0,0,0.00019870816457566684
0,0,0.005412957385646031
0,0,0.00010046216931440126
0,0,1.6813058043472765e-05
0,0,0.002800727071917358
0,0,0.002840545229627208
1,1,0.8807481523911042
1,1,0.9999999999819518
0,0,2.0399771835190385e-05
0,0,0.003266792267350748
0,0,4.176496096133177e-06
0,0,0.009053691594709177
0,0,7.531454589411018e-06
0,0,0.0012662835150018105
1,1,0.9999999999997384
1,1,0.9999999999857665
1,1,0.9999999985824872
0,0,2.439286249649654e-06
0,0,8.674734846109105e-06
0,0,3.4994149534096284e-05
0,0,4.47555512160831e-06
0,0,0.00013498455483222223
0,0,0.00011720465868050056
1,1,0.9999999999994869
0,0,1.1930369508043845e-05
0,0,0.00016578126338270637
0,0,2.0888541669813025e-06
0,0,0.0008582041179085041
0,0,0.0005345487392678044
0,0,0.003356938478593858
0,0,5.378012152034215e-05
0,0,0.005261380375087837
1,1,0.9999999999998539
1,1,0.6128389469259062
0,0,2.0750584367428083e-05
0,0,0.0016368737599493954
0,0,4.621730586333675e-06
0,0,2.710427531482165e-06
0,0,0.011230900141476747
0,0,0.00031953035765217106
0,0,7.566898181929604e-06
0,0,2.9768071556771786e-05
0,0,5.646745826888629e-05
0,0,0.00042853757584978365
0,0,1.9794636851360815e-06
1,1,0.9999999527128254
1,1,0.9999999873006141
0,0,5.835290288302305e-05
0,0,0.024927510365686138
0,0,5.724437949092467e-06
0,0,2.2338745879779675e-06
0,0,3.948183825087129e-05
0,0,0.0003783883070153363
0,0,2.6563128141872848e-05
0,0,0.00014339947592185976
0,0,0.0032375178752024553
0,0,3.062956553515391e-06
0,0,0.006027902714864161
0,0,6.501549712948743e-06
0,0,6.60743096136756e-06
0,0,3.578132867234548e-06
0,0,0.000298518881160378
0,0,1.4809893525787152e-05
1,1,0.9999999997156686
0,0,0.00042069117368055366
0,0,1.7267626034219307e-06
0,0,4.105168229463817e-06
0,0,4.618909158184632e-06
0,0,0.0008031398936889662
0,0,8.652862695905952e-05
0,0,0.00036348733088798223
1,1,0.9999998877350909
0,0,0.0034841160818583745
0,0,2.5101970600197753e-06
0,0,0.000313091114883478
0,0,0.00641677196773421
1,1,0.9999999999997786
1,1,0.999999999996571
0,0,6.706153420415359e-06
0,0,8.063873564371375e-05
0,0,4.632656136228445e-05
0,0,8.017034576282885e-06
1,1,0.9999999864466194
1,1,0.9999997852611923
0,0,0.004166893039125528
1,1,0.9950215439318296
0,0,8.746599957456665e-05
0,0,2.1396170519180413e-05
0,0,0.0015622953750732656
0,0,0.0017220442594395968
0,0,8.27517865408748e-06
0,0,9.165614529384825e-06
0,0,4.609121244473642e-05
1,1,0.9999907136508478
0,0,3.0729696455380217e-06
0,0,8.983159625832038e-06
0,0,0.00470485345656571
0,0,8.663097478150568e-06
0,0,7.240351124228831e-06
0,0,9.468421466431028e-05
0,0,9.324546490961053e-07
0,0,4.321662149417843e-05
0,0,6.559605099056549e-06
0,0,2.312758293830514e-05
0,0,0.017224459630429324
0,0,1.8966490960377856e-05
0,0,0.0019595185981881157
1,1,0.9999999996084967
0,0,0.004327193636751916
0,0,2.9564376148716025e-06
0,0,1.5953005826247614e-05
0,0,0.00032187515650080304
0,0,3.713647864026669e-07
0,0,9.883338469990384e-06
0,0,0.00022172653282300026
0,0,2.831181065659174e-06
0,0,3.1375637375801034e-05
0,0,5.1841928555524225e-06
1,1,0.9947021504498952
0,0,0.00032737347928669475
0,0,2.5980232376056093e-06
1,1,0.9763758427942818
1,1,0.9999887529865651
0,0,0.00043065119327947895
0,0,6.510604698197666e-06
0,0,8.803914799963749e-06
1,1,0.999999998735551
0,0,6.802812119518243e-06
0,0,3.9989688475382905e-05
0,0,3.597240387617991e-05
1,1,0.9986455064399363
0,0,0.00010351778859567161
0,0,7.4107930502238e-07
1,1,0.9999998655752548
0,0,8.79117220123073e-05
0,0,0.00028797439436432074
0,0,3.943949316094207e-05
0,0,1.6033181922497958e-06
0,0,5.1647014961943734e-05
0,0,0.00045376894291962336
0,0,1.7206647020819142e-05
0,0,1.7251485620601175e-06
0,0,2.230409732785017e-06
0,0,9.943312051318951e-05
0,0,0.008978288191408642
0,0,0.00021825986018937868
0,0,4.743099343382288e-07
0,0,2.7205632764133114e-05
0,0,4.293862180059215e-06
0,0,0.00553840069227565
0,0,0.003527880018076318
0,0,0.0018115908409711953
0,0,5.6389405226047696e-05
0,0,0.03133862986897277
0,0,1.2820718557000503e-05
1,1,0.9999999999996056
0,0,0.000997333811904478
0,0,0.007612033251390517
1,1,0.9998973554750367
0,0,0.0033846064239521465
0,0,0.05295970206681127
0,0,1.2835375309947982e-05
0,0,0.0002498219120253451
0,0,3.1051377374627815e-05
0,0,0.0032458796277241193
1,1,0.9999998405881366
0,0,6.3984900244125246e-06
1,1,0.9999999678492134
0,0,1.0685004900838213e-05
0,0,0.0017114716462567584
0,0,0.006391768683088589
0,0,8.639670699719268e-06
0,0,1.8382667249803527e-05
0,0,0.0011563309782088968
0,0,2.526560617864963e-06
0,0,4.0148765694874315e-05
0,0,0.0008826469987743095
1,1,0.9999999978678293
1,1,0.9999999304712783
1,1,0.9976870742264763
0,0,0.0005556216880651379
1,1,0.9980203901061758
0,0,0.005297712289050494
0,0,7.046669588526064e-06
0,0,1.6795275905691093e-05
0,0,0.000175786035455482
0,0,6.920092974522656e-05
1,1,0.9999866682116003
0,0,1.600631670078519e-05
0,0,0.000979082272076888
0,0,2.9176841260992467e-06
0,0,1.864401714049559e-06
0,0,8.196651064418572e-06
1,1,0.9999999999591451
0,0,0.008688137440298992
0,0,9.682328427722488e-05
1,1,0.9999986085198611
0,0,1.0639850099016956e-06
0,0,4.944482876096537e-07
0,0,4.967054002918912e-06
0,0,8.050134242196958e-05
0,0,0.011084029569431395
0,0,0.013569299351746883
0,0,1.6502442882229965e-06
0,0,0.00857613419092445
1,1,0.9999999999996692
0,0,0.0035996866163928234
0,0,0.00016248803331060427
0,0,0.00016919001715295194
0,0,4.2885523722982964e-05
1,1,0.9999999999994695
1,1,0.9999999995853923
0,0,0.002587018134783819
0,0,0.0018434002272619875
1,1,0.9999999999996694
0,0,1.8218727467476852e-06
0,0,1.1258118173939165e-05
0,0,0.00799092034402052
0,0,0.0005104771260623136
0,0,0.0018261494923397818
0,0,0.00010979335402614267
0,0,3.275106538548486e-05
1,1,0.9981901391626734
0,0,0.0013732824523637484
0,0,0.0003611473122902657
0,0,0.000372518514178872
0,0,3.7359060160075664e-05
0,0,0.001635021012742788
1,1,0.8846513491389122
0,0,9.71729556335104e-07
0,0,8.771574681691052e-06
0,0,3.32949264985112e-06
0,0,3.3801851738235085e-06
0,0,1.229324197011769e-05
0,0,1.2992021534025045e-05
0,0,2.0685280458378e-05
0,0,3.4604120373069744e-05
0,0,0.0014201051197388092
0,0,2.008145283676372e-05
0,0,2.060052221552942e-06
0,0,0.007154290919274939
0,0,8.482409946859757e-05
0,0,1.6896906330455397e-05
0,0,0.00010456378524138573
0,0,1.4168130455373799e-05
1,1,0.999999999999837
0,0,4.37209263987038e-06
0,0,0.00011945028490649838
0,0,1.4760356483464814e-05
0,0,0.013951156449541053
0,0,0.00046382680998981223
0,0,0.002010096518210214
0,0,6.968750062215606e-05
0,0,0.0003102434127649022
0,0,0.00383828291316731
0,0,0.003923575680666751
0,0,0.008036451674880067
0,0,1.3436504162245207e-05
0,0,4.372421515355545e-05
0,0,0.0010582575303806846
1,1,0.9999999997248168
0,0,0.00046186494587327335
0,0,0.0012751772003718952
0,0,0.0004138403569716532
1,1,0.9997855470361063
0,0,4.7511770522793934e-07
0,0,0.00010366114849854046
0,0,1.1249406946262251e-05
0,0,8.271241654769967e-06
0,0,0.0027059469875905994
0,0,0.006990844460004048
0,0,0.003907280779219299
1,1,0.9986616294176598
0,0,4.725865967769353e-06
1,1,0.9999999926586405
0,0,0.0029527664974087907
1,1,0.9999999999709857
0,0,1.8597139362989767e-06
0,0,4.768275280310173e-05
0,0,0.0073241327293540855
0,0,0.00025367933841310394
0,0,0.0031002806641581694
0,0,8.187156384043813e-06
0,0,1.9958282428417473e-05
1,1,0.9999931402490868
0,0,0.0005056931453101671
0,0,0.00014479760149418164
1,1,0.9975174417484168
1,1,0.9999985744116174
1,1,0.9999999999896585
0,0,1.9515867291218424e-06
0,0,0.0005675877576700434
0,0,2.6846237372631137e-05
0,0,0.0031732907706137686
0,0,0.0006086047450627485
0,0,0.028924622661863235
0,0,2.8828181576465837e-06
0,0,7.130290775463653e-06
0,0,3.693673189943541e-05
0,0,0.0016357461269350367
0,0,0.0003315012538952521
0,0,0.03508916137475129
0,0,0.0012910316401106964
0,0,6.120286369909788e-05
0,0,0.0007222187553672205
1,1,0.9999237624297382
0,0,1.7563493202839606e-05
0,0,0.004724740388658815
0,0,0.006319623368444272
0,0,0.0008129111519038149
1,1,0.9999999999957516
0,0,6.588178463455777e-06
0,0,5.444461441664027e-05
0,0,3.7655349041413734e-06
0,0,0.0029171667463642
0,0,4.566114228053907e-06
0,0,5.248549637752409e-06
0,0,0.001245727485993684
0,0,0.0007104435578678309
0,0,5.219654976238195e-05
1,1,0.9797434614972955
0,0,0.0001394646991682186
0,0,3.316168486088632e-05
0,0,7.379517940014105e-06
0,0,0.0001725124171620993
0,0,0.0011714002029654317
0,0,0.011313729757570437
0,0,4.571784859123019e-06
0,0,0.004888805670616317
0,0,3.966707291499779e-05
0,0,0.0008636838053897695
0,0,0.00038566521055742326
0,0,3.60227745445516e-05
0,0,4.2826063695839706e-05
1,1,0.9983481767471398
0,0,2.2740736493128568e-05
0,0,0.0021300971909813888
0,0,0.003068989860114142
0,0,2.4310286760798832e-05
0,0,0.00022434729873393406
0,0,3.1128280960581526e-05
0,0,0.00014075805484149424
0,0,1.7505363490128218e-05
0,0,7.188778759141029e-06
0,0,0.00010974711556769634
0,0,0.0013251681299371208
0,0,2.0128952614119065e-06
0,0,0.0015869902147099353
0,0,0.030251817960892883
0,0,4.144674709240865e-05
0,0,0.009649255584462701
0,0,3.3955705555169156e-05
0,0,3.539327763487469e-06
0,0,2.3490589836653474e-06
0,0,0.00038937088000980336
0,0,0.002365256344577945
0,0,0.0012242373442996014
1,1,0.9998219378922745
0,0,1.1309741078456283e-05
0,0,0.00011364177183519742
0,0,0.00023082561755676152
0,0,0.0001768019229182996
0,0,3.433478151397854e-06
1,1,0.9999999999755924
0,0,0.0008497477146539764
0,0,1.7430243522604013e-05
0,0,0.011210172136828485
1,1,0.9999999999996605
0,0,0.0004915089714390697
0,0,0.00022672787758868637
0,0,0.0041506204117739
0,0,0.012746262720725555
0,0,1.712237011978748e-05
1,1,0.9849437424825019
0,0,9.213990871690066e-05
0,0,0.0005311363104763553
0,0,0.00028638086434030693
0,0,0.0034880563847201752
0,0,8.63851467337035e-05
0,0,2.823268369183119e-05
0,0,5.560234664365089e-05
0,0,0.0005227934116486707
1,1,0.9997359610426229
0,0,9.877944700028081e-05
1,1,0.9999994991141834
0,0,0.0005054975949992837
0,0,5.00696895182164e-06
0,0,1.6986220193835045e-05
0,0,2.0167208553650808e-05
0,0,0.010644490232620516
0,0,1.7546889426660456e-05
0,0,3.428390208808509e-05
0,0,0.0016205007995958982
0,0,1.1251498592172541e-05
0,0,0.0001368527951495433
0,0,0.02223920130401516
0,0,0.0006334533526474722
0,0,7.912275466520517e-05
0,0,8.379278979692297e-05
0,0,0.002723305987283147
0,0,0.001524500311375293
1,1,0.9593634342254199
1,1,0.9999997259219032
0,0,0.0014463896921320153
0,0,0.004146257924852604
0,0,1.5894411043810136e-06
0,0,0.0006970620828075648
0,0,3.279853967718089e-06
0,0,1.2704695283458868e-05
0,0,2.2121839524616658e-05
0,0,0.011621129552905916
1,1,0.9999989271598441
0,0,0.0010276258749508228
0,0,0.00022968682127012674
0,0,0.0003735654415175691
1,1,0.9996652734182402
1,1,0.9999999773234994
0,0,0.0008447326858309203
0,0,8.024365393215727e-06
0,0,4.142360635430645e-05
0,0,0.00019584282182730074
0,0,0.011079419462177546
0,0,1.7393504186557765e-06
0,0,1.980725483995069e-06
1,1,0.9912999456734564
0,0,0.0400272928595321
1,1,0.999843858105641
0,0,0.0014510676863573983
0,0,0.002314143088161966
0,0,0.002373859309698671
0,0,0.000566570155634618
0,0,0.0004793528229033403
0,0,0.002076893389392951
0,0,0.0036316512972218483
0,0,0.008899540536594731
0,0,5.041540479009957e-06
0,0,0.00018712165004202528
0,0,7.555553990882514e-05
0,0,0.006333506795228482
1,1,0.9999996078543004
0,0,0.00424615130038123
0,0,3.5783551140713016e-05
0,0,0.0026086359036415494
0,0,1.0593205644636353e-05
0,0,2.950896006144126e-06
0,0,0.0005300700119049732
1,1,0.9998393834158441
0,0,0.0011164128416645332
0,0,3.163244189653953e-05
0,0,0.006120148631501146
1,1,0.9999999284300045
0,0,0.0017330035504285234
0,0,6.7587356896348516e-06
0,0,2.253470914137068e-05
1,1,0.9999999999933282
1,1,0.9999997594253095
0,0,0.0005221982366851617
0,0,0.0009068604264606397
0,0,2.6164522643360802e-05
0,0,0.003557885854908224
0,0,1.1970534529015603e-05
0,0,0.0012649293526170555
1,1,0.9999999999997757
0,0,2.3836697536057652e-05
0,0,0.00013852032241063955
1,1,0.9998928568666623
0,0,0.0011329444687034904
0,0,0.0029250070329486814
1,1,0.9999998847759848
0,0,2.7116742185081593e-06
0,0,4.674908312454574e-06
0,0,2.7492030168877267e-05
0,0,0.0004929236967722558
0,0,9.931912645225813e-06
0,0,0.001334630768696841
1,1,0.9990200495398297
1,1,0.9999999999700113
0,0,1.7163229239266954e-05
0,0,2.0578173457458214e-05
0,0,5.113682765638522e-06
0,0,0.00020404066567962343
0,0,2.067817867442402e-05
0,0,0.0013190861761871863
0,0,2.2659816936324583e-06
1,1,0.9999999999024163
0,0,3.171193641151958e-05
0,0,0.011464908414997806
0,0,0.006474627928661012
0,0,6.0587663996611635e-06
0,0,1.5207664688424718e-05
0,0,6.550405924618301e-05
0,0,1.3025183257891092e-05
0,0,1.5564094363543955e-05
0,0,0.010336043021800037
0,0,1.4984560254481677e-05
0,0,0.0022743716760824533
0,0,1.6794461250577977e-05
0,0,0.00012208661934595135
0,0,1.8042320982437293e-05
1,1,0.9999958923812541
0,0,9.610412650105537e-05
0,0,0.001021956831423925
0,0,2.399311578977536e-06
0,0,0.0013445356084330134
0,0,1.4962754381056077e-06
0,0,0.0006187956100972961
0,0,2.2787433041834655e-06
0,0,0.0020425001254168436
0,0,0.0014081885564083843
0,0,0.003147362534709692
0,0,3.4325721592263766e-05
0,0,0.0017777297279347036
0,0,3.1278984913485704e-05
1,1,0.9999999733053371
0,0,0.0002506573148866866
0,0,0.006150030262230073
0,0,6.176462358261653e-05
0,0,2.5460676503819764e-05
0,0,0.0017659669701255447
0,0,0.00021078852197091205
0,0,1.1286604806044297e-05
0,0,2.247123204272061e-05
0,0,0.0005505511407899702
0,0,0.009170463729356686
0,0,1.6777807208191903e-06
0,0,1.0362248425635855e-06
0,0,0.0011665651254176455
0,0,0.000351919237723359
1,1,0.9999999999959894
1,1,0.9999999993790882
0,0,3.3668382529878504e-05
0,0,0.0011075203930970513
1,1,0.9999999999939602
1,1,0.9993759933446416
0,0,3.4484126931590615e-05
0,0,5.091517973879692e-06
0,0,3.1643988934606624e-05
0,0,5.606579268736275e-06
0,0,0.007637459749266153
0,0,0.0005652534363926248
0,0,3.0404677026683135e-06
0,0,0.005857422904872966
0,0,0.009270422766530962
1,1,0.999999999999621
0,0,1.826347673277919e-05
0,0,0.00020675579332582914
0,0,1.331975216017723e-05
0,0,5.951496403436232e-06
0,0,0.0004333584350772889
0,0,3.5975360118257434e-06
0,0,0.010008910111637131
0,0,4.64928107399151e-05
0,0,7.668345498647472e-06
0,0,0.004058627194991742
1,1,0.9999999996333508
0,0,0.00022867640660141942
0,0,0.0001225754212060307
0,0,0.0034643100699341383
0,0,0.00431521170040407
1,1,0.998160853809599
0,0,1.9319123689164956e-06
0,0,0.037192311103422346
0,0,0.006430445208045394
0,0,0.000858816734059473
0,0,1.5566484777955422e-05
0,0,0.0012522206928229896
0,0,0.0027405984361641308
0,0,3.6520187605056865e-06
0,0,0.00011061112760045169
0,0,3.186968331623487e-05
0,0,7.720008021722142e-06
0,0,0.00033550763377272237
1,1,0.9999999978390006
0,0,0.0008589068348062083
0,0,0.005240478152156193
0,0,0.0003280284459254443
0,0,0.0006586559831025741
0,0,0.0014458095175367374
0,0,6.93892797240565e-05
0,0,5.234740519382332e-06
1,1,0.9999987416864207
0,0,1.9922014864416433e-05
0,0,9.370382356930941e-05
0,0,0.001015320420440021
0,0,0.00015522932883551286
0,0,2.661094244341796e-05
0,0,0.0016919996695678849
0,0,1.9899166004044492e-05
0,0,0.0005625045657877423
0,0,0.00010476288572994936
0,0,0.009428836393954572
0,0,0.0024755387315172858
0,0,2.4506586918592877e-06
1,1,0.9999999991430613
0,0,0.005607467877831084
0,0,0.003283345221435141
0,0,0.008267179776192363
0,0,0.00028532079471731614
0,0,0.0009636907167770259
0,0,0.0002104466312691338
0,0,0.002270261556773386
0,0,0.009210121769272363
0,0,6.15888330097855e-05
0,0,0.0019325249469464433
0,0,0.00017482376493932345
0,0,0.009912612757249917
0,0,0.00019618708969856204
0,0,0.00011490847248012102
1,1,0.9999999999903029
1,1,0.9999999938565702
0,0,4.350300063426912e-05
0,0,7.84283705158955e-05
0,0,6.591670939946595e-05
1,1,0.9976789900696017
0,0,0.0002018136079483074
0,0,0.002390203684272765
0,0,0.0016819678466501813
0,0,0.00015348495221653117
0,0,9.173107060717025e-06
0,0,3.8401952334729816e-06
1,1,0.9999999999940274
0,0,0.000561692146789486
0,0,2.5909769670499276e-05
0,0,5.9733974994682455e-05
0,0,0.001598390069549691
0,0,0.000141922805070887
0,0,9.078153078706779e-05
1,1,0.999999996369457
0,0,0.0002528258079029631
0,0,0.005131396685624053
0,0,7.591622878416849e-06
0,0,0.002597912485760445
0,0,0.00024073083178186055
0,0,0.00021437583082703482
0,0,0.0011517592508983189
0,0,0.0007432844565553571
0,0,0.00011403320494593262
0,0,2.667742242084409e-05
0,0,1.9379422950818064e-05
0,0,3.971184468537505e-06
1,1,0.9999999999985896
0,0,1.902757055282089e-05
1,1,0.9943459535313703
1,1,0.9995557709726761
0,0,0.006585179792195699
0,0,9.42677109682655e-05
0,0,0.000416986013342419
1,1,0.9998976136187847
0,0,3.5729178995389375e-05
0,0,6.916614840663175e-05
0,0,0.002961089653719994
0,0,0.046339516771605326
0,0,1.0342783049098762e-05
0,0,0.008509426806853668
0,0,2.2923798640302325e-05
0,0,3.1942586030063666e-06
0,0,1.9127331903571945e-06
0,0,1.0064669791078922e-05
1,1,0.999851348129046
0,0,5.802450890923814e-06
0,0,0.007492938628628919
1,1,0.9999897096982845
0,0,2.5802777027295e-05
0,0,0.0006104077253670852
1,1,0.9997662150178696
0,0,9.639941322728415e-05
0,0,4.149350766543942e-06
0,0,3.990876826381403e-06
0,0,0.0007633398729421987
1,1,0.999998130052048
1,1,0.9999999940276074
0,0,0.00079557579492713
0,0,0.00046835145100642013
0,0,3.660585395405107e-05
0,0,1.3413280082647289e-06
0,0,1.3374512389444065e-05
0,0,0.0004428385573630134
0,0,6.34364148435657e-05
1,1,0.9999999835983009
0,0,0.0021729384496449837
0,0,8.585775648987149e-05
0,0,5.3592624907941736e-05
0,0,0.0012013452110256398
0,0,1.1131878518299127e-05
1,1,0.9999094831265263
0,0,8.829580080051959e-05
0,0,2.6928454491128906e-05
1,1,0.9972871649407852
1,1,0.9999999996653814
0,0,3.737455689472688e-05
0,0,1.0399201853795351e-05
0,0,8.541885289691236e-05
0,0,0.0004005153405822822
1,1,0.9999999999120452
0,0,6.684033822550089e-05
0,0,6.758571485928362e-06
0,0,1.7807312518458057e-06
0,0,3.104511346706226e-05
0,0,1.6832177647112516e-05
1,1,0.9866654195968033
0,0,2.1798818096955733e-05
0,0,2.463276019014241e-05
0,0,4.391610554229838e-06
0,0,0.002160837356913128
0,0,0.00023341880334075936
0,0,0.002326830907030562
0,0,6.9367425349671e-06
0,0,0.010900612430221841
0,0,4.5453501970933526e-06
0,0,0.00016898547867805533
0,0,7.599382102464909e-07
1,1,0.9399023467129846
0,0,0.00023500171711600252
0,0,3.466691498261297e-06
0,0,1.374681105807568e-05
0,0,0.0004906395920102296
0,0,8.698198548138583e-05
1,1,0.9999856313191471
0,0,4.291843335272011e-06
0,0,4.784067183034886e-06
0,0,0.0014127010746131613
0,0,1.6147092429909568e-06
0,0,1.4913534816550599e-06
0,0,5.264234573443956e-06
0,0,0.0001008130105556181
0,0,0.007914417008953442
0,0,0.00038166396221558983
0,0,1.4539092645142937e-05
0,0,0.00019097532152471727
0,0,0.004038402767382476
0,0,8.28857032876084e-06
0,0,1.2057643100403595e-05
0,0,0.0026088077039384877
0,0,7.840112788297827e-05
0,0,4.928102046881638e-05
0,0,9.141526436588655e-06
0,0,0.0003813631979600482
1,1,0.9999999999282532
0,0,5.499963710207863e-06
1,1,0.964135709909091
0,0,0.0007863971440231096
0,0,0.013299532154414635
0,0,0.00038963225790906737
0,0,0.0014046883157497589
0,0,8.674093128293961e-06
0,0,3.7682884736774486e-05
0,0,1.2277715643984906e-05
0,0,0.0017217072318990276
0,0,1.475922438492232e-05
1,1,0.9999999928088583
1,1,0.9999971360282087
0,0,0.00028491113018749874
0,0,0.008461910505382525
0,0,0.0002921310985626889
0,0,4.415738759571625e-06
0,0,4.4580274079724806e-06
1,1,0.9999879235732189
0,0,0.010026737284453285
0,0,2.2219780971170038e-06
0,0,0.0005817724107668202
1,1,0.9999999999976661
0,0,0.00012790694771300695
0,0,0.0013489474251235476
0,0,5.077012470986286e-05
0,0,5.180483085463096e-06
0,0,0.0001437685631067288
0,0,0.01199659538074643
1,1,0.9970063929209019
0,0,0.00039390632543071614
0,0,4.699631135320562e-05
0,0,5.883148682301053e-06
0,0,0.0046613255050100685
0,0,1.5340490966763547e-05
0,0,0.00047536926656416084
0,0,0.001961556806110479
0,0,0.0004137604083542113
1,1,0.9999999988031378
0,0,7.888598929659144e-05
0,0,0.00551655967374426
1,1,0.9999999970523965
0,0,0.012960635944225057
0,0,7.605840997487598e-06
0,0,0.0042675104671816
0,0,2.9369441664361747e-05
0,0,2.4804363733634624e-06
0,0,6.569221520081033e-06
1,1,0.9999999996888638
0,0,0.0015450544034062601
0,0,0.00731301483988762
0,0,1.5610322825760564e-05
1,1,0.9992462066179185
0,0,0.002613834399167407
0,0,0.0016040259264529244
1,1,0.9999999999998606
0,0,9.79987767785899e-06
1,1,0.9999713257580395
0,0,1.6238732773738037e-06
0,0,5.811537351359401e-05
0,0,3.449889609079498e-06
0,0,0.0003514127996043683
0,0,0.0003651316569660957
0,0,0.01043607570471132
0,0,3.971393958672766e-06
0,0,6.090257145620281e-05
0,0,2.6297448833464e-06
1,1,0.9999999999842846
0,0,9.35958257417035e-06
0,0,1.5021094653374908e-05
0,0,1.9051326176367133e-05
0,0,0.0003055898605183978
0,0,4.284102111432512e-05
1,1,0.9320566736971809
0,0,9.288937118867614e-06
0,0,3.4130619240279575e-06
0,0,2.074019710428701e-06
0,0,0.0027794019455944677
0,0,8.210737000881899e-06
0,0,1.0735255027679916e-05
0,0,3.273674024913062e-05
1,1,0.9986247550340391
0,0,0.0022276220239376087
0,0,6.987563543109144e-05
1,1,0.9999997123222925
0,0,0.0034851601081415896
0,0,3.2964310381406474e-05
0,0,2.0787158691585052e-05
0,0,1.9301852259639425e-05
0,0,2.3137544951321854e-06
0,0,0.0013967084234968099
0,0,8.700730116817798e-05
1,1,0.9759865667625077
0,0,3.8748636925137315e-05
0,0,0.0006925896081566075
1,1,0.9999999994484421
0,0,0.006001609368138472
0,0,0.0005911472050860208
0,0,0.0010397299913111541
0,0,0.0039795981476132124
0,0,0.0002658067697821795
0,0,0.0009743875154535012
0,0,0.00012661219062486492
0,0,3.1675279414821275e-06
1,1,0.999616344716377
0,0,3.500845111010375e-06
1,1,0.9999999999966196
0,0,5.2467951309710786e-05
1,1,0.9999999173019951
1,1,0.9998453384077877
1,1,0.9999937566246286
0,0,0.00019202879737507356
0,0,0.007287138052058604
0,0,4.089905971262338e-06
0,0,1.3745839165645167e-05
0,0,3.5831601986768645e-06
0,0,4.667672468140168e-06
0,0,0.003253380569667097
0,0,0.0008457795347443426
0,0,4.066986854376199e-06
0,0,0.0019464494921390804
0,0,0.0005155182316269526
0,0,0.0005770456497939101
0,0,0.0049621014916277194
0,0,0.0023371586613774088
0,0,2.430894252258708e-05
0,0,9.343156998599786e-06
0,0,5.543440105462302e-05
0,0,0.010254703842114032
0,0,2.638656708404498e-05
0,0,1.949517771511684e-06
0,0,0.000141682372342301
0,0,3.931601226293673e-05
0,0,0.00015488339685015942
0,0,1.925016418170699e-06
0,0,3.7473958733882664e-06
0,0,3.6696773621152063e-06
0,0,0.0005955352954282565
0,0,0.0005659495450529614
0,0,2.374414021931744e-06
0,0,0.00022677420384647223
0,0,1.9360214909969167e-06
0,0,0.0014019426598018687
0,0,0.00010702384750094996
1,1,0.999999999999506
0,0,4.358551271135582e-06
1,1,0.9999999999997873
0,0,0.0005370744049658718
0,0,0.00012104890572188514
0,0,4.69954739517108e-06
1,1,0.9999981813510809
0,0,2.6214797207327276e-05
0,0,3.9083704689973595e-05
0,0,0.0002433869452877072
1,1,0.99999996274072
0,0,4.571085033865385e-05
0,0,2.788021733720741e-06
0,0,0.0017044678887353881
0,0,0.002651232124274855
0,0,3.857019908994965e-05
0,0,3.276438675915245e-05
0,0,0.0017515182789013186
0,0,9.177257818729249e-05
0,0,9.026551040625774e-06
0,0,0.0004631232393073458
0,0,9.438643343486199e-05
0,0,0.0001263478702966396
1,1,0.9999999999993325
0,0,0.0023474286566461874
0,0,8.256718429852223e-05
0,0,0.004029489633809807
0,0,0.0007194889561053882
0,0,0.007006023569936087
0,0,0.004028716170011176
0,0,0.0483963090986631
0,0,1.622470975343962e-06
0,0,6.433863838480744e-05
0,0,3.6468372721777097e-06
0,0,3.2958117596260656e-05
0,0,6.267467463038e-05
0,0,2.412642460333832e-05
0,0,0.0011017509929019372
0,0,1.7436976318113906e-05
0,0,0.0002223146909049899
0,0,0.010634279070525658
0,0,0.0005665052528108686
0,0,0.00017038448805078212
0,0,0.0025178087131137172
0,0,0.003050061240567276
0,0,4.2312320358569626e-05
0,0,0.0007254848902396003
1,1,0.999999999708604
0,0,2.58830878290624e-05
0,0,8.505069383203911e-07
0,0,0.0009681179245490553
0,0,4.41610947679369e-05
0,0,0.0013165610566452952
0,0,0.0002517492763977245
0,0,1.5362449784990645e-05
1,1,0.9999999994281084
0,0,4.4275600033455766e-07
0,0,4.029455065114175e-06
0,0,0.0015510766334201386
1,1,0.9999996915074153
0,0,0.00011836908703553848
0,0,2.618423449575067e-05
0,0,0.00020637440231146452
0,0,0.000553277495198531
0,0,4.702209069131247e-06
0,0,0.0006979486084981187
0,0,0.023700417842776576
0,0,3.059316350315602e-05
0,0,0.0010929165527598184
1,1,0.8799378835202178
0,0,0.0003158926958038104
0,0,0.0003309025048041425
0,0,1.6156953833804128e-06
0,0,2.0961236687793135e-05
1,1,0.9999999999838303
0,0,0.0008372566485266603
0,0,3.1988515834520905e-06
1,1,0.9999999996980562
1,1,0.9999210078168778
0,0,0.00019677687634935527
0,0,9.064746214968262e-05
0,0,0.00019754040032351764
1,1,0.9999863389243796
0,0,0.0001233149403178122
0,0,3.2600093257056305e-06
0,0,6.454733863086216e-06
0,0,0.00043157350609351576
0,0,4.3811138416539586e-06
0,0,8.448320407965649e-05
0,0,3.332321570167632e-06
0,0,0.007644559577837962
0,0,8.820710941303094e-06
1,1,0.9994554892374131
1,1,0.9999999999237927
0,0,3.983423150637371e-06
0,0,0.00023172379324057197
1,1,0.9999999994858473
0,0,4.8279345416784276e-05
0,0,0.009906295439287312
0,0,1.8208643535676478e-05
1,1,0.9999999995017423
0,0,0.008713535067482509
0,0,3.0247941225199292e-05
0,0,0.007506568081274109
0,0,0.000307166239789419
0,0,5.667869880180918e-07
0,0,0.003040156681805855
0,0,4.602804651352262e-05
0,0,0.008265829585176085
0,0,0.009193198852430078
1,1,0.9988714303172265
0,0,2.378597774818381e-05
0,0,0.00010547310844276133
1,1,0.9999999999029259
0,0,0.009258158682734587
0,0,3.895333321889319e-06
0,0,1.928681331867703e-06
0,0,0.005845799183420892
0,0,3.1147662053367144e-05
0,0,0.00014398120653494236
0,0,1.0012775671617008e-05
1,1,0.99999974945747
0,0,5.44359311093304e-06
1,1,0.9966928694029754
0,0,1.1621201403524239e-05
0,0,4.991629077252099e-06
1,1,0.9970764769621439
0,0,0.0012934588362909633
0,0,5.107697374824363e-05
0,0,6.538056125541947e-06
0,0,0.0023957898517763428
0,0,4.2866043106697376e-05
0,0,0.0006303753750087771
0,0,0.0002837323819131512
0,0,0.0013441134943269878
1,1,0.9999988942981042
0,0,1.897867185444214e-06
0,0,2.852749975088799e-05
0,0,0.0018230297417181525
0,0,1.1058590141018054e-05
0,0,0.0014089973252664567
0,0,5.897219267022124e-06
0,0,8.729051511468197e-05
0,0,0.0003039183343691891
0,0,0.00026196683582969314
0,0,1.6553180173003425e-05
0,0,3.548707450599563e-06
0,0,0.006807135211178971
0,0,0.00205232540771841
0,0,0.002990440694870466
0,0,7.4947503285999e-05
1,1,0.9999999984615955
1,1,0.9999999997591817
0,0,0.00406164110771008
0,0,0.00034246888046682387
1,1,0.9999999999328983
0,0,1.398199323759878e-06
1,1,0.9999999990760982
0,0,3.1295145711212835e-05
0,0,0.0009694071285617544
1,1,0.9889990443930476
0,0,0.0014000116324489025
0,0,0.0069028943112577216
0,0,2.3109183662990773e-06
1,1,0.9960980241470353
0,0,2.598616450613398e-05
0,0,3.143885149037634e-05
0,0,0.00022904048154466017
0,0,0.0008816717369811337
0,0,3.468166855798361e-05
0,0,0.0007972549717998522
0,0,0.001524043539969352
0,0,6.838560019206656e-05
0,0,9.198782783458913e-05
0,0,0.0001965269730370454
0,0,0.00024380644310940814
1,1,0.9999999999997105
0,0,2.799261735094102e-05
0,0,2.625051259131529e-06
0,0,0.00011648645324142486
0,0,6.4163764852742644e-06
0,0,0.0009548442855767946
0,0,1.2079006807812203e-05
0,0,0.0014974557355071888
0,0,4.587183737318866e-06
0,0,0.0002669686468464481
0,0,1.2315082643508878e-05
0,0,1.8208608467690304e-06
1,1,0.9999999999987406
0,0,0.002065854912669961
0,0,0.0008073166249546581
1,1,0.9999999999341771
1,1,0.9999999999994151
0,0,8.2178169305144e-05
0,0,8.11324960308642e-07
0,0,0.004882349092346774
0,0,0.003895420076225463
0,0,2.4039564145069508e-05
0,0,0.0011169278132066591
0,0,1.9940937720308648e-05
0,0,1.2161276016992747e-05
0,0,6.40619824889577e-05
0,0,4.59596425978083e-06
0,0,7.980213160296219e-05
0,0,0.002749264635637579
0,0,0.01008732739066523
0,0,3.41480427926863e-06
0,0,4.782067329283642e-06
0,0,1.0512468079224088e-05
0,0,0.00024048984724191777
0,0,3.4575296933291845e-06
0,0,1.169760637697155e-05
1,1,0.9999999999954303
0,0,0.001644425303542018
0,0,0.006267082931412398
0,0,0.004016359228466945
0,0,4.813947225672042e-06
0,0,0.005508654434596877
0,0,4.101962854039351e-06
1,1,0.9999999812039314
0,0,5.768318982372499e-07
0,0,0.042764361017953
0,0,0.0005349274681239986
0,0,0.00034233982385320765
0,0,2.2094623251463336e-06
0,0,3.0180340886849597e-06
1,1,0.9999999998961564
1,1,0.9998671718706356
0,0,1.951476412032938e-06
1,1,0.9999998439810126
1,1,0.9999953739659374
1,1,0.9999934996264923
0,0,6.21417505453284e-06
0,0,0.0033429213753965285
0,0,0.001259167644834805
0,0,8.611164173424363e-06
0,0,0.00036687649622166746
1,1,0.9999999382676978
0,0,0.001100648670845763
0,0,1.769430969863956e-05
0,0,6.890950559536705e-05
1,1,0.9999999999679512
0,0,0.0002779340457048847
0,0,0.009768617735634593
0,0,0.010576682946989257
0,0,2.815168803977422e-06
1,1,0.9999999999729641
0,0,0.011931162769016101
0,0,0.00014661084454097384
0,0,0.00012389433487133527
0,0,4.886115488630423e-06
0,0,7.016782054527865e-06
0,0,0.0001579930898737522
0,0,0.006732084532098938
1,1,0.9993973303410824
0,0,5.0815879192727146e-05
0,0,0.0005103489537874888
1,1,0.9999999907430605
0,0,5.802829757618535e-07
0,0,2.2639097052427304e-06
1,1,0.9999999999827776
1,1,0.9999965948117984
0,0,0.011597396276964454
0,0,0.0012722388749702139
0,0,2.3755025511622805e-06
0,0,2.2684680122654984e-05
0,0,0.00028321080326260513
0,0,0.0028500235932684857
0,0,0.01833457716951595
0,0,0.00017157538626037816
0,0,1.9020485776150595e-06
0,0,4.106871015998451e-06
0,0,0.00024331909262976126
0,0,2.336753040639858e-05
0,0,0.0021890899618257783
0,0,1.9986076183356964e-05
0,0,0.004226104431062921
0,0,0.005886267829117416
1,1,0.9960753976307282
0,0,2.713201400247588e-06
0,0,1.2853147433043984e-05
0,0,2.6783015837957868e-06
0,0,5.954170895456696e-06
0,0,4.686241440126905e-06
0,0,7.530064587484406e-05
0,0,0.0008850359905137813
0,0,2.0246864146185317e-06
0,0,4.356978000049612e-06
0,0,0.0017226611179772266
0,0,0.007940019754060246
0,0,4.9621863031610215e-06
0,0,0.008923227007979432
1,1,0.999998246779062
1,1,0.9999999999885949
0,0,1.0904589943694144e-05
0,0,3.3478450862850535e-06
0,0,0.0002687435797427726
0,0,0.002922014008194054
1,1,0.9999986595399919
0,0,0.0056858377672346075
0,0,0.0003410331433160199
0,0,0.00019304562849726802
0,0,0.00019400376407468996
0,0,2.340904395227348e-05
0,0,3.9693494685489946e-05
1,1,0.9871939908814369
0,0,3.052642057448604e-05
0,0,0.004212885132852323
0,0,0.00031176404596474895
0,0,0.0008010451249135657
0,0,0.00039845778125241704
1,1,0.9102525538971209
0,0,0.004513434571750755
0,0,4.3737943013876225e-06
0,0,3.046494155054358e-05
0,0,0.006837745227921162
0,0,0.00014850856257193028
0,0,0.0002984742518400809
0,0,0.0006788238491054432
0,0,0.0019365919285986243
0,0,0.004451015590388912
0,0,1.8592608502301743e-05
0,0,9.581088753347996e-05
0,0,0.0001787367184787457
0,0,0.0001085281249352051
0,0,0.0008035018485781708
0,0,4.380763278723581e-05
0,0,1.5495921691013598e-06
1,1,0.9935116761541295
1,1,0.9999999148399908
0,0,4.892937409867271e-05
0,0,7.198410676529123e-06
0,0,0.00035000881318593007
0,0,4.417308850580266e-06
0,0,0.006072777120299904
0,0,8.401107014772235e-06
1,1,0.8748900077598082
0,0,0.00033248477305571886
0,0,4.293751271436882e-05
0,0,0.0061725922041020054
0,0,0.0014844861167170658
0,0,5.857682326826131e-05
0,0,0.0004108195427027896
0,0,4.263851261038212e-06
0,0,2.100295350390973e-05
0,0,8.743231092613205e-05
0,0,0.001861704267477284
0,0,1.867510924197073e-05
1,1,0.9999999999993978
0,0,0.0009293371401738164
0,0,1.2580210803470416e-06
0,0,0.0009421628289490595
1,1,0.9999999993355122
0,0,0.008848704047818852
0,0,0.00043721028380768135
0,0,0.0015233086573509128
0,0,0.00011033460197749973
0,0,0.000570761540174326
0,0,2.9416942706920143e-05
0,0,0.0012100884636419228
1,1,0.9992729876175478
0,0,7.113699006234093e-05
0,0,8.623813516074904e-06
0,0,0.00016584350679133878
0,0,0.010016787324769566
0,0,5.9316020707076644e-05
0,0,1.1510505416922185e-05
0,0,0.0016947743473763046
0,0,0.002131632049108936
0,0,0.00021537391552575207
0,0,4.110303261119933e-06
0,0,1.7710186747228774e-06
0,0,3.506953611292066e-06
0,0,0.0037397399300387927
0,0,0.0001177276185080515
0,0,0.00020321819461654997
0,0,0.003823661140215098
1,1,0.9999919443667221
0,0,0.0009299773515108045
0,0,2.6183436559971753e-05
0,0,9.823346347883652e-06
0,0,0.00241733105149926
0,0,0.008112754426214057
0,0,2.084635782669727e-05
1,1,0.9999999999795406
1,1,0.9999999999782809
0,0,2.3261884590134598e-05
1,1,0.9999999999997449
1,1,0.999934329734989
0,0,4.8277288768693885e-05
0,0,0.0024267924526985224
0,0,7.332101685396413e-06
0,0,3.044584824345245e-05
0,0,0.006414828431474723
1,1,0.999991584664601
0,0,0.005443806228729826
0,0,0.0035335276361308683
0,0,0.0005670824510246752
1,1,0.9999999647685888
0,0,0.001754876943012045
0,0,0.000298409096613976
0,0,0.00032364461532074444
0,0,0.0021564703908083715
0,0,0.0038997431933999924
0,0,5.201860257429947e-05
0,0,0.0019042121593708682
0,0,0.0008728561702866556
0,0,0.0002472999963230278
0,0,0.002236657018623008
0,0,6.04133983431589e-06
0,0,1.0883715605882552e-05
0,0,0.001568106996161385
0,0,0.0023828439649740307
1,1,0.9999999876974001
0,0,0.0018409119493826749
0,0,0.00037471232088441374
0,0,0.0012137388757928916
0,0,2.245484990375471e-05
0,0,0.03395519190650651
1,1,0.5850814338963166
0,0,6.853258747986956e-07
0,0,2.4512069843829634e-06
0,0,0.00220778173915843
0,0,0.007353668683599462
0,0,3.609372255168122e-05
0,0,3.421119945723737e-06
0,0,0.00012464524476364574
0,0,0.04171085619918356
0,0,0.005941999793612478
1,1,0.9999999998127984
0,0,0.005166237727334384
0,0,0.003164303348537463
0,0,0.0001271660889749452
0,0,3.0903528611328326e-05
0,0,0.00017951939250234676
0,0,2.460554194672195e-05
0,0,0.00018773055607617135
0,0,0.001710082535162432
0,0,8.805968010663616e-05
0,0,0.0002009622223363096
1,1,0.9999999996208189
0,0,0.0009798902506622255
1,1,0.9999999999826554
0,0,0.00040669504070473027
0,0,1.6130515502200263e-05
0,0,0.00032000321048716575
1,1,0.999999999999917
0,0,1.3921545885912083e-05
1,1,0.9999999999998845
0,0,5.234123292210523e-05
0,0,0.006087462758774588
0,0,3.505209010704634e-05
0,0,4.424926495369676e-06
0,0,0.017521200579729918
0,0,0.00017866984477729283
0,0,0.006696332859052668
0,0,0.0005318120279144628
0,0,0.00015357599229609103
0,0,9.768223586596546e-06
1,1,0.9966770489695114
0,0,0.0007205186939197055
0,0,6.733102899325933e-05
0,0,0.006171176714541071
1,1,0.9999647508528436
0,0,2.4323089702780184e-05
0,0,1.5552492734290403e-06
0,0,3.2707876904327408e-06
0,0,0.0008302973866793775
0,0,0.005465971804489748
0,0,6.188851838486142e-06
0,0,5.181083198358001e-06
1,1,0.9999999883410285
0,0,2.4031202065902524e-05
1,1,0.9988504806271363
0,0,4.55381752637591e-05
0,0,0.0002669289020270419
0,0,7.249884962245845e-06
0,0,7.607755306863489e-05
0,0,7.96620461004645e-06
0,0,0.00036592874466578456
0,0,0.00045969638784929424
0,0,0.00016114329907126248
0,0,0.005808585769475207
0,0,1.3661458002768744e-05
0,0,0.00013376277551686175
0,0,1.4401140392964159e-05
0,0,1.5430271632295114e-05
0,0,0.0014438713666374147
0,0,1.456286221855664e-05
0,0,1.636207501035478e-05
0,0,7.399982110111406e-05
1,1,0.9999999999887161
0,0,0.0007122401299895377
0,0,0.0010938709653093366
0,0,0.00045782371816138783
0,0,2.1469697412875128e-05
0,0,2.239290062713871e-06
0,0,0.0018935099013366516
0,0,0.00016519855787017944
0,0,0.00011165178914830915
0,0,0.0014052960835500123
0,0,0.012079780655623944
0,0,0.0013998242737276584
1,1,0.9996752302228823
0,0,0.00412906039938929
0,0,0.001078359750554891
0,0,0.0006791712236235253
0,0,0.006184079957819519
0,0,4.17523689427996e-06
0,0,1.067703442530355e-06
0,0,9.25768181705527e-05
0,0,6.637535330016784e-06
0,0,5.119722044196362e-07
0,0,1.655390533031777e-06
0,0,2.7186754565370467e-06
0,0,1.2331203227955695e-05
0,0,9.086973604883023e-05
0,0,0.00043980927608433984
0,0,2.0848588871982394e-06
0,0,3.3723543329417435e-06
0,0,1.6372904712321357e-05
0,0,0.0006489745495271743
1,1,0.924078332462054
0,0,5.285114096216353e-05
0,0,3.475581008590994e-05
0,0,0.018028939279538723
0,0,1.3823558298953285e-05
0,0,0.03028896212818022
0,0,5.199453953265142e-06
1,1,0.9999999929291667
0,0,0.0020653332098676644
0,0,0.004142376430240016
0,0,0.0010266011073375126
0,0,0.0030925174639750944
0,0,0.0005404684113044856
0,0,1.7683643140363523e-06
0,0,1.4100295124387484e-05
0,0,0.00015419188658062288
0,0,2.7740271433334256e-06
0,0,3.0647349285096146e-05
0,0,0.00010384677652885243
1,1,0.9999997993494921
0,0,0.004310457286671525
1,1,0.9999983050730552
0,0,8.825602270617435e-05
0,0,0.00046082004175452705
0,0,0.011560906256127539
1,1,0.7644115784474025
0,0,0.002844031541820556
0,0,0.0046595456451756275
0,0,0.0003781778084250416
0,0,4.299030585674411e-06
0,0,5.154985607934428e-06
0,0,0.00022987165354040168
0,0,0.01154940134998496
0,0,1.172120682892833e-05
0,0,9.906394463496137e-05
1,1,0.9999999869953884
0,0,0.005847315551318016
0,0,5.940093815061651e-06
1,1,0.9029826149369354
0,0,1.2127937092519467e-05
1,1,0.9999999716810654
0,0,4.740159545691308e-06
0,0,0.001147807089964858
0,0,0.00018003311988662294
0,0,3.561795574789986e-06
0,0,0.0028392314703759606
1,1,0.9818497590337126
1,1,0.9983296911792646
0,0,7.523940532081912e-05
0,0,0.0013365311588654715
0,0,4.120986144514204e-06
1,1,0.9999999999785438
0,0,2.6094715387171568e-05
0,0,0.0013518203920804008
1,1,0.998126136458365
0,0,2.3108919715781046e-06
0,0,8.093260699895365e-05
1,1,0.9999999907853169
0,0,0.004516653108911476
0,0,0.0008180422763624626
0,0,0.0009089439195172873
0,0,0.00010184901494955412
0,0,3.7390715245219686e-05
0,0,0.0019439935937064297
0,0,0.00021841245702266794
0,0,3.3635339711225087e-06
0,0,0.0016732370148845033
0,0,0.005036261672057994
0,0,2.5240913043468203e-05
1,1,0.9999999852547345
0,0,2.4477287831128397e-05
1,1,0.9980984687578468
0,0,2.647463204659428e-05
0,0,6.6714948629034095e-06
1,1,0.9999999999995084
1,1,0.9999999995871212
0,0,7.890021753109358e-05
0,0,0.003205250344507917
0,0,0.007561875887748825
0,0,0.0023710773674980746
0,0,7.85715733753336e-06
1,1,0.9418020258038001
0,0,4.5555639526920434e-05
0,0,3.270526465270285e-05
1,1,0.9999872305204635
0,0,6.018049200038986e-06
0,0,7.506754580676108e-06
0,0,0.01194648992889965
1,1,0.8610849878454222
0,0,0.0018686316406359902
0,0,1.1314620939681817e-05
0,0,0.0012966191990748494
0,0,0.0003181560664865756
0,0,0.008575981190180057
0,0,0.0011373552439479027
0,0,0.0012382587798646769
0,0,0.007753872774398583
0,0,1.4811275836106544e-05
0,0,0.001087989540901214
0,0,0.0003594287713022766
0,0,9.973310301333266e-06
0,0,1.4086816734906346e-06
1,1,0.9938578235899975
0,0,0.0003491340563260984
0,0,2.3478511237511775e-05
0,0,5.6417559692809337e-05
0,0,1.8716547663556735e-05
0,0,0.000264592522833105
0,0,0.0001930090419854254
0,0,1.8726108956618037e-05
0,0,8.205829526470809e-06
0,0,0.00047949893950641133
0,0,0.00659156015861796
1,1,0.9836168150123826
0,0,2.407268646213975e-06
0,0,4.2702487038611723e-05
0,0,0.001388546646669714
0,0,0.03649648610820054
0,0,5.254458051088306e-06
0,0,5.941667111228857e-06
0,0,2.2722825693862123e-05
0,0,0.047424811348563294
0,0,2.384049378849838e-05
0,0,1.6864783201319199e-06
0,0,5.064471795314771e-07
0,0,0.011572506817316752
0,0,1.914282886723317e-05
0,0,0.0062799486468256465
0,0,2.6472884882548986e-05
1,1,0.9936384890612595
0,0,3.5050610949010023e-06
0,0,4.799558846807147e-06
0,0,8.91120270935081e-06
0,0,0.004066831669332391
0,0,8.313357613567422e-06
0,0,7.416878391739603e-05
0,0,0.0522127396984103
1,1,0.9957380020528299
0,0,0.015098273613963405
0,0,0.000566542456551872
0,0,0.00020477056067363367
0,0,0.00012370107731430019
0,0,5.986034155538291e-05
0,0,1.4437842441551087e-06
0,0,2.575149326039676e-06
1,1,0.9999999999997551
0,0,0.0006093599440239615
0,0,7.583919260275261e-05
1,1,0.9999999900483164
0,0,0.0027755954596676924
0,0,0.0014140969685221964
0,0,9.461764970153455e-05
0,0,0.00362066711694408
0,0,5.179505806144136e-05
0,0,1.6416186933368125e-06
0,0,0.0028432846811798805
0,0,7.546254752442042e-06
1,1,0.9999999086031214
0,0,0.0002752023287585975
1,1,0.9999999335370768
0,0,0.0017567393640628415
1,1,0.9999884568655163
0,0,9.501964409029372e-05
0,0,0.005600901350692421
0,0,0.002006024565583873
0,0,0.0020901568630871514
0,0,0.00044955865273505895
0,0,5.6671444643175694e-06
0,0,0.0005375356950328094
0,0,1.0636558959103178e-05
0,0,2.7189886448614446e-05
0,0,1.0439574511390812e-05
0,0,0.0038475330660035223
0,0,0.0004298673719073543
0,0,0.0007262323505408267
0,0,0.00016463674672392747
0,0,0.000622318748846366
0,0,0.0002496015798011343
0,0,0.007542247561229744
1,1,0.9999833727102353
0,0,0.0071418542213467036
0,0,0.0005621802153209625
0,0,0.00035260227805090195
0,0,0.0010397966768581268
0,0,2.694417376911762e-06
0,0,0.0019444723739556148
1,1,0.9855480988656442
0,0,2.183094275648542e-05
1,1,0.9908223803819147
0,0,7.093080964039501e-06
1,1,0.9999999999874756
0,0,0.0036630788000299465
1,1,0.9999998843748141
1,1,0.9999530797976286
0,0,1.7328470590067425e-06
0,0,2.5823307559398573e-06
0,0,5.144312557700088e-05
0,0,0.0005962664379247022
0,0,0.0005858019875919049
0,0,3.4257550744330675e-05
0,0,0.0004427323442264574
0,0,0.00010475142496278215
1,1,0.9999999999998792
0,0,0.0013138429467629852
0,0,0.0004031953851357645
1,1,0.9999999999707072
0,0,2.566433014083854e-05
0,0,8.68904454639172e-05
1,1,0.9867763205947058
0,0,0.00024067855874761448
0,0,0.0006408050339585181
0,0,2.8433136501904442e-05
0,0,4.4037824408446144e-05
0,0,0.0026765719736184645
0,0,0.0009126961211519532
0,0,0.00013956590332513753
1,1,0.9999999997564144
0,0,1.6685762943980515e-05
0,0,5.854476330591763e-05
0,0,4.674841213292594e-05
0,0,6.455572660269057e-05
0,0,0.00489744265251395
0,0,0.0006811775228186892
1,1,0.9999999999998299
0,0,4.889266287015458e-06
1,1,0.9993708201210423
0,0,0.00043537934715622977
0,0,2.7020830147357264e-06
0,0,8.634929387093244e-07
0,0,2.79937234911749e-06
0,0,0.00016002761169432074
0,0,8.69085797636507e-05
0,0,7.13495264808999e-06
1,1,0.999999999998924
0,0,0.004466417153859795
0,0,0.0050148417106117005
0,0,0.002753856871688428
1,1,0.9999999129586874
0,0,4.285930348678668e-05
1,1,0.9999936425434052
1,1,0.9999857643989034
0,0,0.00033849648746940206
0,0,0.00032963881797265656
0,0,1.9300083147163706e-05
0,0,0.001702601571790877
1,1,0.9999999998663096
1,1,0.9998114373087045
0,0,0.0032865400086128055
0,0,0.0011585880611970864
0,0,0.0006261972644443593
0,0,4.831638152918858e-05
0,0,7.138765203464705e-05
0,0,8.440690800549803e-06
0,0,0.00023956378131810064
0,0,4.33519086399687e-06
0,0,0.0037896828599473065
0,0,1.3634571349636304e-05
0,0,5.159032887630141e-06
0,0,1.8953143088947098e-06
0,0,0.0008384338737319097
0,0,0.00024030040846375768
0,0,0.00017312993820132167
0,0,0.006436970736135009
0,0,0.00017558115940488253
0,0,0.00014227461812063778
0,0,0.0011812948893956384
0,0,0.00021263520945147968
0,0,0.004113544473034742
0,0,0.0018765675598604544
0,0,0.00010520848116533281
0,0,0.006997735403213796
1,1,0.9999256816955404
1,1,0.9999999999688967
0,0,0.0108429079811476
1,1,0.9999999979932876
0,0,0.0008248362825262564
0,0,2.190520272477706e-06
0,0,0.00601811045846138
0,0,7.611340304821187e-05
1,1,0.9999999999624742
0,0,0.004134778415733936
0,0,0.001552514705575903
0,0,0.0013512748398863967
0,0,1.220459152825711e-05
0,0,0.001514594377763657
0,0,5.129320670593687e-05
0,0,0.012800621405061989
0,0,0.0012447947839382624
1,1,0.99999997896259
1,1,0.9999999864031992
0,0,0.000135432545287779
0,0,0.0001648543387414571
0,0,2.3998395828004993e-05
0,0,6.154459892034515e-06
0,0,0.00037380313822670366
1,1,0.9999999998949123
1,1,0.9999999993526008
0,0,6.657764200512107e-05
0,0,5.261246198149224e-06
0,0,0.011988944055235297
0,0,0.00042217150833581235
0,0,0.008634782382095718
0,0,0.00012972548924541105
0,0,0.008157690654882949
0,0,0.006339307687801114
0,0,0.0012433077539513136
0,0,1.1888741098723773e-05
1,1,0.9999999889954524
0,0,2.1583768721143002e-06
0,0,0.00034755610737655145
0,0,1.2542004412648296e-05
0,0,0.004339495365764444
0,0,0.0017320784191659892
0,0,3.912966047347948e-07
0,0,0.0006806794709990976
0,0,0.00038847066866296503
0,0,1.715570399593071e-05
0,0,0.006369167631975791
0,0,5.753844581272853e-07
0,0,0.00023206086948942043
1,1,0.9999999995597535
0,0,3.5657230916864116e-05
0,0,0.00021252912990520916
1,1,0.9999999999936227
0,0,0.003951258652678699
0,0,0.0001780943184519267
1,1,0.9999978002151351
0,0,0.0010917245828907815
0,0,8.347928510798877e-06
1,1,0.9999999365701095
0,0,4.579751183399822e-06
0,0,9.667055837019751e-05
1,1,0.9999569607057017
0,0,0.0014663433877662036
1,1,0.9999999999999198
0,0,0.00013003868654995316
0,0,2.7012014645798515e-06
0,0,1.593369559274571e-06
0,0,2.8059204502136268e-06
0,0,1.7426248377111606e-06
0,0,0.00019355069913713457
0,0,3.398884434765543e-05
0,0,0.0018199116283085582
1,1,0.9999999999552096
1,1,0.9999999999988203
0,0,0.00016448895889872357
0,0,9.630794253749938e-05
0,0,1.563307140621954e-05
0,0,5.93605758604327e-05
0,0,3.366274459823504e-05
0,0,0.01616641281291098
0,0,1.2227964613668706e-05
0,0,0.0006569629276447248
0,0,3.006935138141995e-06
0,0,1.892614979153219e-05
0,0,2.4339946977099745e-05
0,0,3.250640152722384e-05
0,0,5.1969197187019985e-05
1,1,0.9999999999843721
0,0,0.0010717946630655994
0,0,0.0024274502533448783
0,0,8.961979196313323e-05
0,0,1.6760530092615784e-05
0,0,0.0006075116385460933
0,0,0.004526170409585
0,0,8.615020103244002e-05
1,1,0.9994773451269878
0,0,0.010545210455804435
0,0,2.2355825015845093e-06
0,0,0.0034379799691931765
0,0,3.927272847146191e-06
0,0,5.530584239643445e-06
0,0,0.005856197022835581
0,0,1.0483885304651646e-05
1,1,0.9997945909405694
0,0,0.003360371295355135
0,0,3.0031858152265605e-05
1,1,0.9999999999699618
1,1,0.9999999999997387
0,0,8.171611049501489e-05
0,0,0.0014413428654021798
0,0,0.0001069342301113239
0,0,0.0002871181581215
0,0,0.0012211266602622614
0,0,3.0660694560497224e-06
0,0,2.749040822728543e-06
0,0,9.052440458807202e-05
0,0,0.0004870890398413716
0,0,2.209439722720734e-05
0,0,8.856101212542134e-06
0,0,0.002141858407194319
0,0,0.00014933266447212038
0,0,0.001494126487109994
0,0,2.233097432517978e-05
0,0,0.0003915326438582537
0,0,2.9897550655868965e-06
0,0,0.0009307751308643785
1,1,0.9999999999976794
0,0,0.0011640187247568988
0,0,6.264720405127362e-05
0,0,0.061871162931087374
0,0,0.0001279492627218318
0,0,3.3324607244378894e-05
0,0,9.929820887056322e-06
0,0,0.0011825444001572639
0,0,8.796873743430875e-05
0,0,3.4123839866664983e-06
0,0,0.0004964712539633706
0,0,0.002411907174060013
0,0,4.056331204611138e-05
0,0,0.00015855366411283577
0,0,5.550306835939921e-06
0,0,0.00014843250463849537
1,1,0.9999997383131428
1,1,0.9999999999980458
0,0,2.7326909862147483e-05
1,1,0.986496066935211
0,0,2.3541551654744316e-05
0,0,8.88709132762889e-05
0,0,3.25356171657977e-05
0,0,1.2735278240244322e-05
0,0,0.006823371763097236
0,0,1.5406116690062663e-05
0,0,0.009793829824039944
0,0,2.1576867151447023e-06
0,0,3.282049848647707e-05
0,0,0.0014708474594268637
0,0,0.001838944011069927
0,0,0.007646813513624807
0,0,7.891949613145421e-07
0,0,0.00017902685393875675
0,0,0.0021009816018456385
0,0,1.3077619691563132e-05
0,0,1.5558083277190817e-06
0,0,4.166238627354497e-06
0,0,9.083907716814786e-05
0,0,0.00293084460729912
0,0,5.42339838901034e-05
0,0,0.0009706979258935662
0,0,9.721521585497785e-06
0,0,2.6750373011971164e-05
0,0,8.64812991456012e-05
0,0,1.916686886648337e-05
1,1,0.9999992842950516
0,0,0.005985815902669253
0,0,0.004379289289473239
0,0,1.599925889389704e-05
0,0,0.0050313770146689085
0,0,4.353297733199799e-05
0,0,2.5724529154463505e-05
0,0,0.001950997705417719
0,0,0.0014330318988749042
0,0,0.005634083523098459
0,0,0.00011715184257446441
0,0,0.0005827399128938817
0,0,0.0002809011683855238
0,0,7.951141016758431e-06
0,0,0.0001616830872905177
0,0,0.00017771701209167738
0,0,0.0003090252158553781
0,0,4.4194861708582437e-05
1,1,0.999999999971704
0,0,8.18831150497447e-05
0,0,3.361264154987506e-05
0,0,0.000288685731393243
0,0,0.0031668900704679907
0,0,3.5922372074135004e-05
1,1,0.999999999805703
0,0,0.0003321301816411073
0,0,6.989666001348893e-06
0,0,0.002016439741161334
0,0,0.0001837150713588847
0,0,0.0011780720061333497
0,0,0.0010243924932585198
1,1,0.9999999672790694
0,0,7.538335803733832e-06
0,0,0.00019501245707755974
0,0,1.0088873328716809e-05
0,0,2.8976516303847943e-05
0,0,0.001805447848120817
0,0,0.00013548972990781255
0,0,0.004661216192368485
0,0,0.07357625535751443
0,0,0.0003454537402008946
0,0,8.040753744154945e-05
0,0,0.0009362629919153198
0,0,4.798171292964565e-05
0,0,4.346940304379928e-06
0,0,7.484184862149791e-05
0,0,0.00010653028111977717
0,0,1.232533035083365e-05
0,0,7.4494371303419065e-06
0,0,0.0011291068997610987
0,0,0.0040425621043579845
0,0,0.002064454598419974
0,0,0.0006522366237331031
1,1,0.9993155705811779
0,0,1.3809206337562121e-05
1,1,0.9999999999981457
0,0,4.691646799127077e-06
0,0,8.436128090512813e-05
0,0,0.0032094470730482405
0,0,5.5184781892914235e-06
0,0,4.157674674735233e-05
1,1,0.9622915635052979
0,0,0.011215150652622479
0,0,0.00015720332646701043
0,0,0.0018300401691537609
1,1,0.9996317166766052
0,0,0.0001853493909700338
0,0,0.0004928014376264037
1,1,0.9995094200544524
0,0,0.0003393903473790032
0,0,2.425831890857599e-06
0,0,0.0037837792494448685
1,1,0.9994214652892508
1,1,0.5312316516187547
1,1,0.9996918668915099
0,0,2.220452834054092e-05
0,0,0.0007914285537118759
0,0,2.7058024653726283e-05
0,0,3.6885086408199973e-06
0,0,7.65021799652885e-06
0,0,3.3630845014852194e-05
1,1,0.999999999999017
0,0,2.4691636875433645e-06
0,0,7.370444958824587e-06
0,0,0.0002731156759831202
0,0,0.00016256036633404216
0,0,2.880102808057246e-05
0,0,2.2423510224653835e-06
0,0,0.0630189471890444
0,0,9.075320279234615e-06
0,0,0.001911136807576039
0,0,0.010794453351888784
0,0,9.504903051227984e-06
0,0,5.900739605443635e-06
0,0,0.0019081263879206045
1,1,0.9992847006118408
0,0,0.0005161472894582853
0,0,0.0059700280058681944
0,0,0.008531847523065354
0,0,2.8788024014244147e-06
0,0,0.0013067373466231168
0,0,4.643142359903521e-05
1,1,0.9999999831276721
1,1,0.9999999999994973
0,0,0.0001517305012043175
0,0,0.000753069223389431
0,0,0.004230203829688921
0,0,4.618407385002593e-06
1,1,0.9999999914926362
0,0,0.0012909645282726866
0,0,0.00028503270240800676
0,0,0.00012522145703659917
0,0,5.05206853125041e-07
0,0,8.455855761692833e-06
0,0,7.058623705300245e-05
1,1,0.9999999999926461
0,0,6.322608648172402e-05
1,1,0.9999999995571534
0,0,0.0011310018855772966
0,0,0.01359311035116463
1,1,0.9999999999970741
0,0,0.012974116314481542
0,0,8.576665464319036e-05
0,0,8.542253962343143e-06
1,1,0.9999581024236937
0,0,0.0002964919094251721
0,0,1.3760400284256486e-05
0,0,0.0004453142333823812
0,0,0.00010916260247178967
0,0,0.0013968160021026244
0,0,2.335049232400261e-06
0,0,0.004141616350825249
0,0,0.0005373770373328377
1,1,0.969923397029889
1,1,0.9999999999656151
0,0,1.8635853926427233e-06
1,1,0.9472719599177889
0,0,1.6886309565802896e-06
0,0,1.9933945858417106e-05
0,0,0.0068047930951208625
1,1,0.9999999999998836
0,0,4.9976794114059704e-05
0,0,0.006188402177165138
0,0,8.888639550585708e-05
0,0,0.010861776139287493
1,1,0.9997925390009065
0,0,0.0014713844833630753
1,1,0.9999999995984876
0,0,3.5525729178636047e-06
0,0,0.0005524546957091914
0,0,6.144368239986355e-05
0,0,0.000756469698781224
0,0,0.0010784509437394257
0,0,0.0008136413636473199
0,0,3.8442688571171024e-05
1,1,0.9999999954462784
1,1,0.9999999989170814
0,0,5.956444744275628e-05
0,0,0.00170443611919569
0,0,8.031917104403995e-05
0,0,0.002957140413958323
0,0,0.0009493546125968604
0,0,0.0037429673678069813
0,0,0.0015568220555418062
0,0,0.00010029556476978677
0,0,0.007632342311938631
0,0,0.007544982024539526
0,0,0.0015174955418946195
0,0,2.6663540327095905e-06
0,0,0.0002328936347147859
1,1,0.9999993627494936
0,0,0.0053641043643722075
0,0,0.00022503229907593777
0,0,2.4911633329708564e-06
1,1,0.9261246776815383
0,0,0.0030933067303096375
0,0,2.8698595965402895e-06
0,0,6.031709503049634e-05
0,0,0.0007554634069080214
0,0,4.32670542339339e-05
0,0,1.1406435634892567e-05
1,1,0.9999979701376657
0,0,3.7265273760624585e-05
0,0,0.0004192907071514314
1,1,0.9998899877510342
1,1,0.9999999751866153
0,0,2.3421499421633672e-05
0,0,2.754723812080514e-06
0,0,0.00021326135869416017
0,0,3.3616781980768007e-06
0,0,4.28366826004259e-05
0,0,2.5109431412394076e-06
0,0,5.2716465191931e-05
0,0,0.0008308805148841046
0,0,2.5166824749850746e-05
0,0,0.0006015352718622281
0,0,4.826031185476886e-06
0,0,0.000120605239608332
1,1,0.8686272413949904
0,0,6.337203483628718e-06
1,1,0.9999999999994953
1,1,0.9975820222944323
0,0,3.521888098805274e-05
0,0,0.009388450696794361
0,0,0.00011160890850552457
1,1,0.9999999999984215
0,0,0.0021324055727162286
0,0,1.8860300745382634e-05
0,0,1.4182940769226949e-05
0,0,3.0887364809570985e-06
1,1,0.9999999999932891
0,0,0.00020117459233381354
1,1,0.9999846958033558
0,0,5.4125680340276345e-05
0,0,0.0001250756674291093
0,0,0.0010901617175935678
0,0,0.0011683057411754486
0,0,2.2932262758750074e-05
0,0,1.2741869196345215e-05
0,0,0.00011215285621248177
0,0,6.070200774252094e-05
0,0,0.0005953185242084622
0,0,0.0004309686467069058
0,0,0.00802652441155941
0,0,1.4317222258189483e-06
0,0,0.0008642609834671478
0,0,7.688669950577639e-05
0,0,0.0035784959343444496
0,0,2.1522736363360165e-06
0,0,3.828295966203574e-06
0,0,1.6492041148245018e-06
0,0,0.0037688488705355447
1,1,0.9999920661024149
0,0,0.013392721589403845
0,0,0.00016093337043471224
0,0,0.0010720869964414013
0,0,0.00022088619042149893
0,0,0.006765653636069528
0,0,0.003916254381335735
0,0,0.008877215634233649
1,1,0.9999999753667094
0,0,0.0039859017420637854
0,0,0.0007296320511247821
0,0,7.28871495119484e-05
0,0,1.7406249013622638e-06
0,0,1.747049035558126e-06
0,0,0.003360497390113146
0,0,0.001240766269093156
0,0,0.007587053961277659
0,0,0.00413080330404844
1,1,0.9990817715202698
0,0,0.0025540026250767908
0,0,0.00010434105891185895
0,0,0.004809791587280983
0,0,8.191081349072292e-05
0,0,0.002104603274925123
0,0,5.4700764085243944e-05
0,0,4.601590145507368e-05
0,0,0.00041917477850989936
0,0,2.789015631504716e-05
0,0,1.4986298711655477e-06
0,0,3.2074219754622693e-05
0,0,6.31556344501477e-05
0,0,4.9468088554939106e-05
0,0,0.002957104347227454
0,0,2.4172662890295637e-06
0,0,0.0006869285238727034
0,0,0.0002557064550697958
0,0,0.003985141757533967
0,0,3.2956258112798275e-06
0,0,0.01064064849731756
0,0,0.002332438942501851
0,0,2.4801564067962916e-05
0,0,0.0002847009924644102
0,0,1.542030423362006e-05
0,0,0.0015942629543494067
0,0,5.902633387289466e-05
0,0,0.00047630069605734114
0,0,2.4268429990928462e-05
0,0,0.0031379225738771568
1,1,0.9999999938027144
0,0,0.005037341424145415
1,1,0.9724381414033328
0,0,0.004566453463544801
0,0,0.006123780642067308
0,0,8.946352660642179e-05
0,0,0.0006295474452145801
0,0,4.6754347661154475e-06
0,0,0.0011183989779418484
0,0,2.2139889671312285e-06
0,0,0.003932533845027824
0,0,4.048477300658015e-05
0,0,0.0015481398230155115
0,0,0.002100592890836114
0,0,5.377813073855e-06
0,0,0.0023970861021897914
0,0,9.228601990395744e-07
0,0,0.0006215386087049631
0,0,1.5271611561515957e-06
0,0,9.088473877527806e-06
0,0,0.004488690555008446
1,1,0.999999996479422
0,0,4.375237503290856e-05
0,0,6.983940789542751e-05
0,0,0.00044973222393001705
0,0,0.019151136869901848
0,0,1.1081012480364033e-05
0,0,1.6224098538807893e-06
0,0,4.959063917865446e-05
0,0,1.4537383077334841e-05
0,0,2.3830969008958054e-06
0,0,0.0017357445159551506
0,0,0.0006405163055735676
0,0,5.470951809957655e-06
0,0,0.004204765804520059
0,0,0.002534665321677407
0,0,0.0002892325531192655
0,0,0.0032359676475964155
0,0,0.000348628698989606
0,0,8.575214397504755e-06
0,0,5.579231272452352e-05
0,0,1.4768083997487747e-05
0,0,0.00025542052730223835
0,0,0.00018302757066772525
0,0,0.0003395926706340987
0,0,6.097398069128131e-05
0,0,1.827454619435567e-05
0,0,2.296549503047443e-05
0,0,0.03713718823072814
0,0,0.0008124567420349361
0,0,0.001740095841110363
0,0,0.0028154319173660717
1,1,0.9999999999884488
1,1,0.9871802541541248
1,1,0.9999997966960821
1,1,0.9994636074542864
1,1,0.9999975211340676
0,0,3.743984593756911e-05
0,0,6.941716234846296e-05
0,0,6.469945927796006e-06
0,0,0.004188534440139158
0,0,0.00028177319153158744
0,0,0.0008407557937043772
0,0,3.918058032586786e-06
0,0,1.4651183622501435e-05
0,0,0.0014523738420711006
1,1,0.9999994727291046
0,0,4.1104953905990315e-05
0,0,0.0036695796663065937
1,1,0.9999993046787631
1,1,0.9999999906131373
0,0,2.3044149400075283e-06
0,0,5.776761613488175e-06
0,0,0.00012100478360427634
0,0,0.0009168432416536788
0,0,0.00022356129074189548
0,0,5.162774496884966e-06
1,1,0.9820369397105367
0,0,1.8625923243977907e-05
0,0,7.892199253945253e-06
0,0,3.155286532267507e-05
0,0,0.010025497218659106
0,0,1.2594704336279984e-05
0,0,9.619094878128531e-05
0,0,3.2336611170230447e-06
0,0,3.2571958962890956e-06
0,0,0.0006136148180277346
0,0,0.006803089411050479
0,0,3.974387986919515e-06
0,0,0.00011359858756364117
1,1,0.9999970452317556
0,0,0.00958429345509948
0,0,0.002779392224713711
0,0,2.8946313988926825e-06
0,0,0.0001568120344545862
0,0,1.7632557113641498e-05
1,1,0.9964701067330608
0,0,9.142992339974312e-06
0,0,3.454409703693707e-05
